FI;tinyladybug600
FI;organictiger870
FI;smallduck755
FI;ticklishmeercat524
FI;greenelephant478
FI;goldenostrich609
FI;beautifulpanda565
FI;organicfish637
FI;lazycat853
FI;bluerabbit904
FI;yellowswan508
FI;greentiger579
FI;smalldog405
FI;goldenleopard511
FI;ticklishwolf699
FI;purpleladybug313
FI;ticklishmouse441
FI;organicwolf254
FI;yellowrabbit254
FI;bigladybug403
FI;orangeostrich886
FI;orangecat442
FI;organictiger548
FI;yellowswan293
FI;silverladybug160
FI;organicbird957
FI;beautifulbutterfly156
FI;redgorilla101
FI;ticklishbutterfly191
FI;ticklishostrich828
FI;heavymeercat149
FI;silverelephant397
FI;tinybear342
FI;yellowpanda927
FI;purplepeacock886
FI;blackelephant775
FI;bluebird617
FI;beautifulcat104
FI;beautifulbear405
FI;yellowdog626
FI;bigkoala509
FI;redfish721
FI;brownfrog444
FI;bluefrog367
FI;goldenpeacock655
FI;greenelephant544
FI;greenfish562
FI;crazymouse327
FI;tinyleopard433
FI;organictiger642
FI;redkoala472
FI;organicduck647
FI;ticklishladybug381
FI;purplepanda958
FI;whitepeacock721
FI;organiclion675
FI;blackladybug246
FI;greensnake451
FI;silverleopard389
FI;beautifulbird723
FI;orangegoose498
FI;beautifulduck205
FI;silverleopard844
FI;smallgoose183
FI;heavyrabbit311
FI;bluekoala378
FI;organicostrich271
FI;greenlion457
FI;tinylion381
FI;orangebird655
FI;greenostrich651
FI;tinymeercat206
FI;ticklishlion507
FI;purplemouse915
FI;lazygorilla861
FI;smallpanda720
FI;silverlion974
FI;bigbear986
FI;smallfish803
FI;crazyfish286
FI;organiclion970
FI;lazyelephant162
FI;beautifulfrog175
FI;organicelephant348
FI;goldenwolf250
FI;orangekoala942
FI;goldenfish287
FI;redduck819
FI;beautifulleopard616
FI;redgorilla301
FI;crazytiger165
FI;bluelion717
FI;heavygoose718
FI;organickoala231
FI;blueduck344
FI;orangepeacock272
FI;yellowmouse440
FI;blackbird506
FI;organicladybug543
FI;purplemouse397
FI;crazypeacock886
FI;whitefish353
FI;brownbear383
FI;crazysnake354
FI;bluefish987
FI;bluewolf212
FI;silverleopard943
FI;ticklishrabbit978
FI;ticklishelephant813
FI;ticklishostrich372
FI;ticklishduck525
FI;ticklishbird614
FI;greenrabbit141
FI;orangebear985
FI;smalllion383
FI;goldenfish684
FI;tinycat904
FI;crazyladybug814
FI;biglion623
FI;heavydog165
FI;lazyleopard308
FI;silverpeacock873
FI;beautifulpeacock139
FI;blacklion411
FI;ticklishdog173
FI;whitekoala649
FI;beautifulcat744
FI;heavyostrich663
FI;whiterabbit673
FI;yellowfish528
FI;smallduck495
FI;purplewolf198
FI;purplefish936
FI;reddog385
FI;tinylion885
FI;ticklishelephant253
FI;silverduck533
FI;heavygoose209
FI;whitefrog931
FI;redostrich826
FI;ticklishbutterfly274
FI;redgoose310
FI;purplesnake345
FI;redkoala377
FI;heavybird908
FI;purplebird775
FI;heavycat674
FI;yellowgorilla527
FI;tinyostrich943
FI;beautifulrabbit946
FI;blackwolf809
FI;bigelephant132
FI;beautifulmouse497
FI;whitekoala271
FI;organicleopard973
FI;goldenfish336
FI;smalldog619
FI;silverpeacock890
FI;whitepanda275
FI;organicostrich460
FI;crazypanda789
FI;beautifulpanda733
FI;greenpanda661
FI;lazyelephant188
FI;ticklishsnake752
FI;orangebird650
FI;smallostrich813
FI;silverbutterfly181
FI;orangesnake833
FI;redpeacock775
FI;redpeacock664
FI;orangeelephant852
FI;yellowmouse738
FI;organickoala540
FI;lazyrabbit506
FI;orangegoose925
FI;tinywolf767
FI;biggorilla852
FI;purplepeacock254
FI;whitebutterfly961
FI;greenlion855
FI;lazycat334
FI;heavypeacock787
FI;greenfrog320
FI;yellowfrog402
FI;greenlion279
FI;tinysnake271
FI;bluewolf578
FI;bluemouse498
FI;blackswan565
FI;blackgorilla197
FI;lazyladybug253
FI;greenbutterfly857
FI;yellowcat403
FI;smallrabbit405
FI;goldenbear215
FI;orangepeacock701
FI;silverbear304
FI;orangefish182
FI;beautifulgorilla762
ES;silverswan949
ES;blackgoose385
ES;redlion830
ES;bluegorilla902
ES;goldenduck782
ES;purplelion943
ES;organicostrich212
ES;orangemeercat941
ES;greenpanda820
ES;beautifullion708
ES;orangemeercat730
ES;orangeostrich720
ES;lazypanda342
ES;greenmouse573
ES;ticklishwolf453
ES;tinypeacock268
ES;goldenostrich510
ES;bigmeercat872
ES;ticklishrabbit515
ES;purpleladybug147
ES;heavyswan189
ES;yellowgorilla546
ES;lazypeacock666
ES;brownduck124
ES;yellowswan330
ES;purplefish795
ES;crazykoala144
ES;goldenfish699
ES;lazygorilla191
ES;organicsnake321
ES;lazypanda240
ES;bluerabbit662
ES;heavymeercat919
ES;bigmouse526
ES;purpleleopard754
ES;beautifulcat297
ES;goldencat635
ES;ticklishbutterfly221
ES;redwolf333
ES;bluegorilla642
ES;bigswan350
ES;heavypeacock858
ES;smallbutterfly196
ES;heavyladybug224
ES;goldenbird938
ES;redwolf484
ES;brownrabbit462
ES;brownswan861
ES;heavyswan399
ES;heavytiger327
ES;whitegoose825
ES;goldenrabbit998
ES;beautifulfish282
ES;goldentiger661
ES;silvermeercat884
ES;silverfish115
ES;silverladybug923
ES;bigfish880
ES;bluepeacock107
ES;greenbird862
ES;heavymouse985
ES;purplewolf443
ES;silverbird914
ES;redfrog208
ES;crazyladybug847
ES;blueleopard863
ES;heavykoala205
ES;crazylion498
ES;smallbutterfly585
ES;bigsnake997
ES;blackgorilla893
ES;smallbear750
ES;redbear803
ES;brownostrich631
ES;redelephant725
ES;tinybear861
ES;goldencat152
ES;lazybird391
ES;tinypeacock823
ES;whiteduck196
ES;organicbutterfly194
ES;goldenmouse981
ES;heavygorilla882
ES;lazyfish310
ES;orangedog748
ES;tinyduck754
ES;lazybear413
ES;blackcat231
ES;yellowmouse230
ES;redgorilla235
ES;blackmeercat666
ES;yellowlion769
ES;heavyrabbit121
ES;biggoose401
ES;redmouse610
ES;ticklishmeercat503
ES;redgorilla718
ES;organicwolf204
ES;silvermeercat250
ES;tinyrabbit315
ES;redsnake515
ES;organicgoose598
ES;whitekoala968
ES;orangeelephant241
ES;crazykoala302
ES;whitebear121
ES;bluemeercat151
ES;yellowbutterfly256
ES;bigsnake967
ES;lazytiger403
ES;ticklishtiger990
ES;brownmeercat274
ES;heavyfrog860
ES;crazymeercat368
ES;blackpeacock729
ES;goldenbutterfly306
ES;beautifulladybug488
ES;orangesnake871
ES;greenladybug493
ES;silverswan843
ES;redbutterfly461
ES;heavyduck806
ES;silverfish527
ES;blackladybug339
ES;greenbird175
ES;heavyfish852
ES;greenmeercat366
ES;goldencat524
ES;organicfish229
ES;brownelephant909
ES;purpleduck210
ES;brownladybug679
ES;organicpeacock432
ES;ticklishladybug792
ES;bigpeacock541
ES;lazyduck538
ES;blackladybug766
ES;goldenfrog783
ES;redleopard770
ES;smallbutterfly426
ES;beautifulrabbit658
ES;silverladybug750
ES;brownsnake770
ES;bluepanda659
ES;heavypanda243
ES;bluepanda356
ES;silverbear359
ES;crazypanda775
ES;heavyleopard208
ES;bigrabbit241
ES;ticklishtiger170
ES;redswan210
ES;crazytiger542
ES;yellowbutterfly864
ES;goldenmeercat367
ES;crazyfish888
ES;brownpanda241
ES;crazyduck952
ES;bigbear404
ES;tinyswan852
ES;redsnake819
ES;whiterabbit505
ES;lazykoala253
ES;tinyrabbit586
ES;tinyleopard377
ES;whitefish206
ES;bluebutterfly923
ES;heavyrabbit635
ES;orangeswan959
ES;orangewolf227
ES;yellowlion497
ES;tinygorilla787
ES;whiteostrich756
ES;ticklishgorilla590
ES;goldenswan390
ES;organicbutterfly576
ES;beautifulfrog277
ES;tinymouse272
ES;redduck443
ES;bigduck549
ES;smallbird139
ES;organicostrich722
ES;blueduck623
ES;beautifulmouse181
ES;beautifulmeercat582
ES;lazyfrog801
ES;redpanda898
ES;lazyelephant787
ES;redfish492
ES;ticklishbear752
ES;organictiger801
ES;whiteleopard270
ES;smalllion582
ES;purpleduck957
ES;beautifulgorilla383
ES;tinyfrog858
ES;ticklishleopard553
ES;lazyswan118
ES;lazyswan677
ES;bigladybug354
NL;bigmouse442
NL;heavygorilla639
NL;crazybear971
NL;beautifulmeercat506
NL;ticklishrabbit521
NL;goldenkoala195
NL;yellowwolf306
NL;tinyswan217
NL;browngoose834
NL;tinyswan327
NL;blueostrich945
NL;yellowgorilla803
NL;goldenkoala118
NL;ticklishgorilla406
NL;tinyelephant525
NL;redsnake131
NL;yellowleopard108
NL;tinyladybug886
NL;greenostrich447
NL;smalllion949
NL;redbird585
NL;orangepeacock714
NL;heavypanda506
NL;blueswan849
NL;orangegoose910
NL;silverpeacock830
NL;purplegoose349
NL;yellowduck650
NL;purplebird607
NL;orangecat659
NL;redswan472
NL;organicgoose182
NL;greenkoala325
NL;beautifulswan649
NL;goldentiger486
NL;beautifulmouse848
NL;blackcat885
NL;tinygoose318
NL;brownostrich639
NL;orangerabbit711
NL;smallpanda909
NL;biggoose548
NL;smallrabbit402
NL;organicgoose550
NL;goldengoose659
NL;bigwolf322
NL;organicmouse483
NL;purpleleopard500
NL;whiteostrich819
NL;silverladybug829
NL;bigbutterfly646
NL;blackrabbit412
NL;yellowbutterfly361
NL;goldenduck229
NL;ticklishrabbit560
NL;crazymouse621
NL;ticklishbear647
NL;bigduck442
NL;tinylion295
NL;greenlion835
NL;redmeercat103
NL;silvermouse487
NL;goldenfrog489
NL;blueduck710
NL;greenswan966
NL;ticklishpeacock230
NL;blackpeacock511
NL;organicpanda912
NL;beautifulbird440
NL;ticklishgorilla233
NL;heavyfrog771
NL;goldenlion564
NL;bluegorilla706
NL;yellowleopard551
NL;crazybutterfly370
NL;lazykoala439
NL;beautifulpanda713
NL;brownduck629
NL;greengoose682
NL;purplepeacock802
NL;whitefish150
NL;heavyostrich572
NL;bluebird172
NL;bigsnake143
NL;bigtiger342
NL;redostrich779
NL;lazygoose971
NL;redwolf934
NL;greenmouse191
NL;greenladybug653
NL;tinymeercat936
NL;bigmouse317
NL;organicsnake683
NL;greenmouse243
NL;silverdog921
NL;goldentiger197
NL;goldenfish365
NL;whitegoose222
NL;beautifulbutterfly886
NL;organicleopard254
NL;yellowelephant256
NL;tinypeacock870
NL;ticklishpeacock244
NL;blackkoala993
NL;redlion719
NL;heavybutterfly271
NL;whitebird337
NL;beautifulbear275
NL;smallelephant478
NL;redduck580
NL;redostrich587
NL;purplebutterfly816
NL;greenduck693
NL;heavyladybug249
NL;greenostrich421
NL;blackrabbit246
NL;greenbear560
NL;whitebird554
NL;whiteleopard816
NL;blackmouse245
NL;tinycat383
NL;blueelephant332
NL;purpleduck898
NL;heavyswan382
NL;tinyostrich908
NL;redelephant275
NL;greenostrich865
NL;heavyostrich583
NL;crazygoose298
NL;purplewolf349
NL;organicfish971
NL;bigswan899
NL;purpleswan761
NL;crazymouse506
NL;tinyfish388
NL;organictiger999
NL;heavylion489
NL;silvermeercat731
NL;whitefish745
NL;tinymeercat374
NL;orangeladybug877
NL;brownduck251
NL;smallelephant937
NL;greenfrog541
NL;blueleopard885
NL;blackwolf509
NL;redsnake306
NL;lazyfish733
NL;lazylion639
NL;brownlion258
NL;crazywolf947
NL;goldenlion794
NL;blacklion307
NL;smallsnake132
NL;brownswan172
NL;lazygorilla505
NL;yellowfish296
NL;heavydog225
NL;crazygorilla497
NL;goldenkoala767
NL;orangefish536
NL;brownostrich955
NL;redleopard504
NL;heavylion545
NL;silverswan352
NL;brownbear852
NL;crazykoala379
NL;beautifulbear768
NL;orangepeacock278
NL;silverbear484
NL;smallrabbit212
NL;heavygoose429
NL;tinyfrog387
NL;tinywolf573
NL;bluegorilla523
NL;heavylion955
NL;greenelephant943
NL;redladybug315
NL;lazysnake669
NL;heavyostrich802
NL;beautifulmeercat789
NL;orangepeacock467
NL;blackrabbit132
NL;blackladybug211
NL;goldenduck359
NL;ticklishbear367
NL;organicmeercat754
NL;greengoose918
NL;heavyostrich104
NL;crazyfish672
NL;lazydog261
NL;ticklishcat186
NL;yellowpanda738
NL;bigkoala728
NL;brownrabbit124
NL;ticklishfrog375
NL;silvergoose533
NL;orangeduck500
NL;tinyfrog240
NL;redrabbit202
IR;orangepanda525
IR;blackkoala721
IR;yellowcat713
IR;organicbutterfly812
IR;ticklishostrich911
IR;blackmouse101
IR;tinymouse176
IR;goldenpeacock963
IR;whitefrog685
IR;bigrabbit188
IR;smallgoose317
IR;lazywolf251
IR;purpleladybug977
IR;browntiger425
IR;orangemeercat475
IR;lazycat361
IR;beautifulelephant868
IR;goldenbutterfly785
IR;heavyleopard868
IR;lazywolf460
IR;beautifulbear230
IR;heavybutterfly141
IR;purpletiger297
IR;purplekoala260
IR;tinyladybug242
IR;heavyelephant790
IR;heavylion346
IR;brownbird537
IR;blueostrich506
IR;heavybird431
IR;tinybird563
IR;redsnake911
IR;yellowswan992
IR;orangecat170
IR;smallostrich137
IR;ticklishostrich577
IR;beautifulpanda105
IR;smallbutterfly879
IR;ticklishgoose864
IR;tinyrabbit409
IR;silverbear438
IR;crazybutterfly682
IR;crazygorilla238
IR;smallpanda477
IR;bigmeercat331
IR;goldenduck773
IR;smallostrich545
IR;yellowleopard879
IR;redswan301
IR;goldensnake373
IR;goldenmouse698
IR;goldenwolf495
IR;whitefrog650
IR;tinybird512
IR;heavylion617
IR;blackladybug524
IR;ticklishgoose816
IR;silvercat705
IR;greensnake115
IR;purplegorilla710
IR;yellowbutterfly284
IR;tinysnake332
IR;whiteleopard723
IR;smallladybug493
IR;yellowmeercat535
IR;yellowkoala150
IR;silverfish800
IR;blueelephant812
IR;crazyrabbit777
IR;bigcat544
IR;beautifulpanda550
IR;bigdog301
IR;silverleopard512
IR;orangebear772
IR;smallgoose678
IR;smallrabbit454
IR;beautifulelephant221
IR;brownlion111
IR;ticklishmeercat471
IR;blacklion589
IR;bluepeacock989
IR;redgorilla459
IR;yellowkoala950
IR;greenostrich468
IR;blackgorilla346
IR;heavyswan755
IR;purplecat941
IR;heavypeacock637
IR;smalltiger805
IR;tinymeercat788
IR;bluemouse227
IR;yellowdog671
IR;silvermeercat643
IR;yellowwolf376
IR;greenbutterfly232
IR;silverbird552
IR;beautifulbutterfly121
IR;ticklishbutterfly952
IR;goldenmouse340
IR;tinyladybug281
IR;purpleduck906
IR;bluelion679
IR;redmouse537
IR;heavyswan776
IR;orangeleopard361
IR;greendog950
IR;redtiger970
IR;yellowsnake887
IR;whiteswan619
IR;silversnake784
IR;crazyfish429
IR;bluegorilla506
IR;heavypanda496
IR;crazyrabbit886
IR;tinypanda523
IR;greendog869
IR;yellowladybug534
IR;blackelephant636
IR;ticklishgoose425
IR;blackgoose416
IR;crazybear707
IR;whitebear547
IR;silverbutterfly195
IR;bigfrog494
IR;yellowbird487
IR;greenmouse521
IR;heavyelephant500
IR;redfrog412
IR;smallladybug707
IR;heavybear462
IR;brownostrich662
IR;beautifulcat881
IR;silvergoose412
IR;purpletiger484
IR;smallmouse619
IR;heavypeacock540
IR;redfish907
IR;tinyladybug401
IR;smallkoala538
IR;ticklishostrich509
IR;blackmeercat430
IR;beautifulelephant429
IR;organicbird658
IR;blackfish681
IR;greenleopard809
IR;biggorilla704
IR;goldencat721
IR;yellowwolf876
IR;smallpanda880
IR;greengoose573
IR;heavypanda523
IR;bluemouse502
IR;greenelephant317
IR;heavymouse383
IR;organicostrich135
IR;brownmeercat564
IR;tinyfish754
IR;beautifulbutterfly128
IR;goldenbear189
IR;blueostrich173
IR;redmouse158
IR;orangebear236
IR;yellowsnake673
IR;whitesnake895
IR;greenfish635
IR;purplebear918
IR;greengorilla537
IR;beautifulsnake957
IR;ticklishladybug665
IR;silverbutterfly819
IR;lazylion884
IR;bigpanda198
IR;whitefish583
IR;crazytiger909
IR;organicleopard582
IR;goldenrabbit468
IR;tinylion443
IR;tinyduck972
IR;orangeelephant535
IR;redladybug370
IR;brownostrich390
IR;goldenrabbit655
IR;goldenlion733
IR;blackbird464
IR;tinysnake458
IR;goldenpeacock672
IR;greenmeercat994
IR;orangebutterfly732
IR;ticklishpeacock984
IR;silverwolf433
IR;heavymeercat912
IR;orangemouse100
IR;blackkoala691
IR;ticklishswan788
IR;lazybutterfly611
IR;beautifulcat362
IR;tinymouse641
IR;blacksnake609
IR;beautifulkoala765
IR;yellowduck422
IE;silverfish784
IE;lazybird934
IE;whiteduck373
IE;goldenfish674
IE;purplefish351
IE;organicwolf977
IE;greenmouse358
IE;brownpeacock344
IE;ticklishkoala263
IE;browngorilla862
IE;bluecat534
IE;beautifulrabbit340
IE;organicostrich119
IE;organicgoose420
IE;brownsnake319
IE;ticklishrabbit174
IE;browngorilla322
IE;goldengoose125
IE;smallwolf827
IE;crazyladybug125
IE;bigbird169
IE;orangelion460
IE;lazyelephant227
IE;goldentiger625
IE;goldengoose955
IE;blueostrich933
IE;ticklishfrog790
IE;ticklishladybug341
IE;bluesnake470
IE;whiteladybug611
IE;ticklishpanda613
IE;smallbird362
IE;brownpeacock745
IE;brownladybug971
IE;yellowbear833
IE;lazypanda437
IE;lazywolf185
IE;smallcat654
IE;redfish334
IE;purplebear492
IE;brownpanda787
IE;blueostrich345
IE;tinyrabbit737
IE;blackwolf520
IE;whitefish464
IE;goldenladybug273
IE;browndog868
IE;crazytiger247
IE;bigmeercat934
IE;orangetiger609
IE;beautifulleopard457
IE;redbird374
IE;organicmeercat800
IE;brownpanda487
IE;greensnake277
IE;whitefish796
IE;purplecat659
IE;lazygoose489
IE;greenostrich948
IE;bluebutterfly103
IE;yellowwolf886
IE;lazylion560
IE;goldenbutterfly293
IE;silverlion693
IE;blackkoala719
IE;whitecat439
IE;silvergorilla240
IE;purplebird817
IE;organicladybug729
IE;organicbear113
IE;crazysnake164
IE;goldengorilla722
IE;blackleopard704
IE;smallbear285
IE;bigfrog546
IE;purplecat111
IE;blackswan725
IE;whitebird289
IE;purplepeacock562
IE;orangeostrich277
IE;redsnake407
IE;browngoose322
IE;whiteostrich112
IE;redbird773
IE;bigfrog109
IE;redwolf730
IE;crazycat210
IE;smallbutterfly431
IE;whitetiger775
IE;heavyostrich380
IE;organicsnake951
IE;brownkoala455
IE;smallladybug303
IE;orangetiger701
IE;organicbear506
IE;purplesnake151
IE;yellowpanda621
IE;bigpanda366
IE;smallbird899
IE;tinyladybug705
IE;organicbear899
IE;beautifulrabbit174
IE;tinydog972
IE;crazybird231
IE;lazygorilla687
IE;purplepeacock560
IE;brownpanda624
IE;silvertiger636
IE;beautifulbird267
IE;goldenkoala480
IE;lazybear393
IE;tinygoose605
IE;bigpeacock264
IE;purpleswan636
IE;bluelion218
IE;blackduck753
IE;bluegoose929
IE;heavyostrich556
IE;crazyrabbit728
IE;whitedog661
IE;bigpanda621
IE;heavytiger655
IE;organicwolf916
IE;goldenbutterfly102
IE;yellowwolf775
IE;organicbear341
IE;goldenpanda257
IE;organiccat476
IE;yellowfrog683
IE;goldenmeercat985
IE;brownbear879
IE;silverduck399
IE;bluerabbit992
IE;purplemeercat317
IE;purplemeercat924
IE;smallmouse280
IE;purpledog199
IE;beautifulfish111
IE;lazycat223
IE;blacksnake765
IE;smallbutterfly181
IE;ticklishfish401
IE;bluebear118
IE;whitedog969
IE;heavydog389
IE;bigkoala602
IE;smallgoose813
IE;goldendog324
IE;redcat632
IE;heavygoose968
IE;biglion755
IE;ticklishfish518
IE;tinyfish129
IE;greencat387
IE;tinygoose445
IE;biggorilla108
IE;browngoose593
IE;bigduck891
IE;bluerabbit466
IE;smalldog257
IE;smallwolf477
IE;smallleopard289
IE;yellowkoala609
IE;yellowladybug903
IE;goldenkoala946
IE;bigsnake131
IE;heavypeacock703
IE;bigostrich637
IE;blacksnake123
IE;blackfish272
IE;bluegorilla472
IE;organickoala251
IE;silverlion655
IE;greenostrich757
IE;brownpeacock888
IE;crazyleopard209
IE;beautifulladybug115
IE;bluetiger186
IE;goldenostrich569
IE;bluecat359
IE;greenfish620
IE;goldenfrog568
IE;orangefish387
IE;silvermouse159
IE;silvercat222
IE;heavydog174
IE;heavykoala562
IE;bigladybug350
IE;yellowdog475
IE;silvertiger715
IE;heavymeercat523
IE;lazykoala495
IE;silverbear457
IE;orangesnake130
IE;silvertiger719
IE;greenelephant724
IE;beautifuldog827
IE;whitegorilla409
IE;goldenrabbit718
IE;blackcat635
GB;bigmouse853
GB;smallelephant890
GB;orangepeacock715
GB;yellowbear157
GB;goldengoose476
GB;smallduck408
GB;lazytiger370
GB;tinypanda924
GB;ticklishostrich996
GB;whiteduck678
GB;goldenladybug765
GB;blueelephant400
GB;beautifulostrich756
GB;purpleswan490
GB;silverkoala710
GB;redelephant721
GB;greenbird946
GB;heavyleopard914
GB;orangebear395
GB;heavygorilla427
GB;tinygorilla992
GB;smalllion421
GB;whitekoala123
GB;blueladybug253
GB;redfish808
GB;orangewolf626
GB;greenostrich372
GB;brownkoala967
GB;bigleopard769
GB;crazykoala442
GB;smallkoala104
GB;bluefish934
GB;greengoose881
GB;heavyostrich742
GB;ticklishcat353
GB;brownlion929
GB;silverleopard653
GB;blueduck144
GB;silverkoala221
GB;redkoala601
GB;brownduck250
GB;bluewolf147
GB;lazyleopard411
GB;tinymouse698
GB;crazybutterfly270
GB;yellowleopard964
GB;bigelephant820
GB;heavytiger232
GB;beautifulpanda458
GB;goldenleopard540
GB;bluegoose764
GB;orangepanda671
GB;yellowsnake859
GB;orangebear908
GB;orangepanda866
GB;purpletiger655
GB;lazylion902
GB;smallrabbit511
GB;orangepanda484
GB;ticklishbutterfly138
GB;blackwolf459
GB;whitegoose974
GB;blackgoose517
GB;brownswan434
GB;crazybear822
GB;greenfish866
GB;greenladybug859
GB;smallladybug336
GB;goldenpanda962
GB;browncat612
GB;orangefrog778
GB;silverleopard999
GB;greengorilla598
GB;redpeacock163
GB;bluemouse997
GB;organicswan855
GB;browngoose592
GB;organicladybug836
GB;crazyostrich826
GB;whitemouse830
GB;ticklishladybug927
GB;goldenkoala432
GB;crazycat795
GB;silvermouse504
GB;yellowrabbit200
GB;redmouse103
GB;brownfish337
GB;brownmouse186
GB;ticklishkoala941
GB;yellowsnake990
GB;organicbutterfly425
GB;blacktiger269
GB;bluesnake439
GB;bluetiger853
GB;smallrabbit433
GB;organicbear318
GB;crazyfish388
GB;ticklishostrich705
GB;purplebutterfly859
GB;beautifulbird922
GB;tinykoala687
GB;heavylion116
GB;bigrabbit259
GB;goldenduck531
GB;ticklishbear893
GB;brownpeacock672
GB;greencat436
GB;blackbird753
GB;orangebutterfly760
GB;whiterabbit673
GB;blueelephant716
GB;organiccat543
GB;greenpanda328
GB;brownfrog746
GB;silvermeercat695
GB;crazyladybug227
GB;bluelion121
GB;goldenladybug706
GB;heavycat924
GB;purpletiger362
GB;ticklishsnake463
GB;beautifulmeercat542
GB;bigcat573
GB;goldenostrich145
GB;crazypeacock672
GB;tinyladybug884
GB;blueduck450
GB;organicgoose787
GB;organicmeercat570
GB;orangeleopard130
GB;crazyelephant112
GB;redsnake956
GB;purplemeercat253
GB;biglion384
GB;beautifulmouse543
GB;greenfrog402
GB;heavybird414
GB;brownsnake288
GB;smallwolf766
GB;ticklishladybug196
GB;greenkoala879
GB;tinymeercat342
GB;bigbear986
GB;goldenmouse262
GB;heavymouse138
GB;redbutterfly432
GB;organicpanda811
GB;goldenfrog397
GB;lazyostrich591
GB;tinycat495
GB;organictiger411
GB;organicpeacock721
GB;beautifultiger389
GB;heavyfrog673
GB;blackrabbit740
GB;orangeswan805
GB;ticklishbear916
GB;blackwolf381
GB;redbear472
GB;bigdog340
GB;tinyrabbit488
GB;whiteelephant518
GB;ticklishsnake519
GB;redsnake957
GB;blackrabbit762
GB;blackfish495
GB;tinysnake992
GB;silverpeacock651
GB;whiteleopard969
GB;crazygoose319
GB;smallladybug333
GB;tinyswan805
GB;bluebear485
GB;brownladybug717
GB;heavypeacock437
GB;beautifulbear369
GB;goldenduck789
GB;ticklishelephant146
GB;purplerabbit494
GB;bluecat546
GB;orangebird970
GB;crazybird188
GB;smallleopard607
GB;redpeacock296
GB;whiteswan141
GB;crazybear953
GB;beautifulgorilla685
GB;purpletiger148
GB;orangeelephant108
GB;heavygorilla490
GB;greenkoala117
GB;bigbear889
GB;whitepeacock127
GB;greenostrich715
GB;smallpeacock175
GB;yellowswan326
GB;crazydog455
GB;blueelephant264
GB;purplemouse826
GB;silverelephant682
TR;bigleopard536
TR;whitewolf319
TR;beautifulleopard516
TR;beautifulwolf288
TR;whitemeercat936
TR;tinybear445
TR;silverbird255
TR;yellowgoose363
TR;purplefish126
TR;yellowcat489
TR;redgorilla710
TR;brownswan292
TR;bluelion628
TR;organicmouse247
TR;yellowtiger612
TR;brownelephant808
TR;tinyostrich632
TR;beautifulrabbit272
TR;whitekoala620
TR;ticklishgoose394
TR;bigbird500
TR;silverduck219
TR;purplewolf904
TR;bigbear563
TR;organicdog297
TR;smalldog288
TR;tinysnake222
TR;redmouse571
TR;heavyleopard718
TR;greenmouse949
TR;yellowmouse747
TR;goldenfrog147
TR;beautifulduck230
TR;bigelephant806
TR;purplelion112
TR;beautifulostrich850
TR;tinyfish164
TR;organicduck341
TR;ticklishduck683
TR;organickoala621
TR;whitecat778
TR;orangepanda434
TR;beautifulwolf288
TR;organicpanda335
TR;silverrabbit500
TR;organicfish992
TR;greenpeacock880
TR;purpleduck271
TR;ticklishostrich774
TR;ticklishrabbit449
TR;lazygorilla606
TR;orangemouse688
TR;goldenlion845
TR;lazytiger713
TR;yellowtiger887
TR;yellowlion167
TR;blueladybug821
TR;orangewolf182
TR;tinybear987
TR;tinyleopard442
TR;ticklishpeacock353
TR;ticklishrabbit304
TR;blackgoose493
TR;ticklishgorilla999
TR;beautifulrabbit528
TR;organicfish411
TR;yellowgorilla166
TR;bluepanda477
TR;beautifulladybug209
TR;blackleopard659
TR;bigtiger725
TR;brownfrog821
TR;beautifullion576
TR;brownlion132
TR;ticklishduck992
TR;reddog715
TR;ticklishfrog685
TR;tinylion450
TR;brownelephant764
TR;greendog302
TR;heavybear946
TR;browngoose982
TR;ticklishelephant289
TR;bluekoala576
TR;goldenrabbit904
TR;heavybird278
TR;blackcat914
TR;yellowpeacock638
TR;greengoose774
TR;lazyduck306
TR;greenbutterfly659
TR;lazypeacock973
TR;purpledog312
TR;lazybutterfly549
TR;yellowbird720
TR;bluecat187
TR;redlion508
TR;organicswan965
TR;tinyduck337
TR;silverrabbit792
TR;beautifulrabbit480
TR;redgoose549
TR;yellowmeercat187
TR;purpledog926
TR;organiccat612
TR;organicbird272
TR;beautifulfish610
TR;biggorilla223
TR;ticklishostrich714
TR;bluebear233
TR;organicpeacock464
TR;bluefrog300
TR;bigcat703
TR;goldenkoala347
TR;yellowduck727
TR;yellowwolf845
TR;ticklishwolf139
TR;bigfish834
TR;brownmeercat647
TR;goldendog707
TR;lazylion684
TR;orangebear912
TR;bluesnake564
TR;brownmouse816
TR;smallgorilla937
TR;beautifulsnake501
TR;tinydog670
TR;greenostrich311
TR;heavylion140
TR;bluebutterfly264
TR;heavyduck901
TR;purpleostrich590
TR;silverpeacock355
TR;greengoose245
TR;bigelephant771
TR;lazyladybug403
TR;organictiger561
TR;smallfrog479
TR;organicswan201
TR;smallbird500
TR;whitefish200
TR;bluerabbit259
TR;orangeduck348
TR;heavygoose706
TR;whitedog676
TR;heavyostrich121
TR;beautifulswan348
TR;whitegoose821
TR;lazydog481
TR;ticklishladybug311
TR;goldenfrog136
TR;smallswan477
TR;organicgoose824
TR;smallostrich534
TR;orangesnake725
TR;crazylion250
TR;purplewolf854
TR;whitekoala946
TR;bigrabbit124
TR;ticklishelephant390
TR;lazypeacock790
TR;heavylion645
TR;tinyostrich595
TR;greenpeacock514
TR;smallladybug399
TR;goldenbutterfly124
TR;ticklishfish803
TR;goldenfrog991
TR;blackostrich929
TR;goldenwolf572
TR;bigelephant528
TR;beautifulfrog240
TR;redmouse299
TR;ticklishmouse920
TR;brownmouse530
TR;bluebird168
TR;ticklishpeacock604
TR;redcat260
TR;purpleleopard866
TR;bigkoala915
TR;orangepeacock140
TR;bigtiger131
TR;orangefrog105
TR;smalllion875
TR;brownfrog111
TR;redsnake520
TR;heavyelephant716
TR;silverpanda527
TR;lazyelephant103
TR;whitepeacock168
TR;purplepanda263
TR;yellowelephant860
TR;crazysnake804
TR;bluefrog823
TR;orangewolf279
TR;crazyleopard297
TR;organicswan245
TR;ticklishmeercat358
TR;beautifullion178
TR;crazymouse643
NZ;organicgoose233
NZ;crazykoala694
NZ;purplepanda461
NZ;redladybug429
NZ;organicduck885
NZ;orangebutterfly161
NZ;purpletiger884
NZ;brownlion918
NZ;crazyladybug114
NZ;lazybutterfly367
NZ;whitebutterfly566
NZ;crazycat559
NZ;yellowpeacock867
NZ;ticklishfrog344
NZ;smalltiger201
NZ;crazyrabbit351
NZ;browncat565
NZ;ticklishladybug595
NZ;blueleopard727
NZ;tinyelephant792
NZ;yellowkoala130
NZ;lazycat729
NZ;brownleopard689
NZ;organicgorilla703
NZ;ticklishleopard372
NZ;silverbear680
NZ;heavydog634
NZ;blackgoose831
NZ;ticklishmouse674
NZ;ticklishgoose990
NZ;heavymouse586
NZ;greenswan471
NZ;lazywolf922
NZ;heavybear962
NZ;lazyelephant254
NZ;yellowgoose646
NZ;ticklishswan826
NZ;whiteelephant932
NZ;orangekoala798
NZ;brownmeercat808
NZ;smallgoose757
NZ;whitepanda500
NZ;beautifulkoala155
NZ;orangekoala881
NZ;whitecat126
NZ;bluemouse678
NZ;smallmeercat202
NZ;orangebird849
NZ;yellowbear957
NZ;tinyrabbit245
NZ;orangegoose410
NZ;smallgoose546
NZ;bigladybug263
NZ;redkoala230
NZ;redduck736
NZ;lazybird946
NZ;whitebird931
NZ;organicpanda221
NZ;heavyrabbit461
NZ;ticklishpanda695
NZ;bigrabbit318
NZ;goldenfrog128
NZ;blackmouse191
NZ;silverladybug432
NZ;bluefish768
NZ;yellowdog405
NZ;goldenpanda241
NZ;blacktiger725
NZ;yellowfrog916
NZ;bigcat942
NZ;whitefrog208
NZ;blacktiger951
NZ;whitepanda963
NZ;whiteleopard147
NZ;blackdog700
NZ;orangepanda897
NZ;bigsnake633
NZ;redmeercat518
NZ;smalltiger103
NZ;greenmouse449
NZ;smallostrich302
NZ;bluepanda289
NZ;brownfrog721
NZ;bigpeacock783
NZ;ticklishbutterfly774
NZ;bluepanda910
NZ;purplewolf914
NZ;whitebird702
NZ;beautifulkoala275
NZ;crazypeacock922
NZ;lazyleopard115
NZ;whitegoose131
NZ;blackmouse193
NZ;blackdog972
NZ;brownbutterfly979
NZ;crazyostrich221
NZ;purplekoala718
NZ;ticklishmeercat593
NZ;organicelephant330
NZ;beautifultiger523
NZ;ticklishbutterfly634
NZ;orangesnake924
NZ;beautifulkoala486
NZ;purplepeacock194
NZ;crazyswan936
NZ;ticklishleopard915
NZ;silverswan395
NZ;smallladybug608
NZ;yellowwolf346
NZ;redmouse463
NZ;brownrabbit487
NZ;silverpanda138
NZ;bluebutterfly345
NZ;organickoala594
NZ;greenfrog824
NZ;browntiger973
NZ;ticklishelephant581
NZ;blueostrich765
NZ;greenladybug640
NZ;redgorilla256
NZ;beautifullion648
NZ;whitebutterfly158
NZ;greengoose592
NZ;blackleopard956
NZ;ticklishleopard791
NZ;smallbird371
NZ;browncat553
NZ;redfrog113
NZ;brownrabbit301
NZ;purplebear924
NZ;bluepeacock659
NZ;lazypanda946
NZ;smallfrog803
NZ;ticklishwolf362
NZ;brownkoala994
NZ;smallostrich551
NZ;blacktiger652
NZ;goldenpeacock216
NZ;organicfish758
NZ;heavygorilla478
NZ;organicswan896
NZ;tinyswan298
NZ;purpledog508
NZ;yellowgoose375
NZ;organicbutterfly535
NZ;yellowelephant341
NZ;silverlion651
NZ;greencat705
NZ;redcat566
NZ;heavywolf204
NZ;purpleostrich753
NZ;yellowelephant854
NZ;purpledog219
NZ;tinymouse326
NZ;heavygorilla759
NZ;yellowpeacock886
NZ;ticklishladybug861
NZ;bigtiger662
NZ;yellowdog232
NZ;lazylion227
NZ;greenduck624
NZ;organicleopard836
NZ;crazykoala869
NZ;organicbutterfly110
NZ;lazydog217
NZ;yellowdog356
NZ;brownswan618
NZ;beautifulgoose410
NZ;tinygorilla720
NZ;yellowgoose134
NZ;ticklishbutterfly980
NZ;heavymeercat903
NZ;ticklishlion291
NZ;beautifulleopard983
NZ;smallmouse857
NZ;bigmouse857
NZ;brownlion870
NZ;bigwolf660
NZ;organicpeacock632
NZ;yellowmouse561
NZ;tinywolf794
NZ;goldenkoala936
NZ;greenfish663
NZ;heavymeercat848
NZ;lazybear526
NZ;yellowmouse974
NZ;heavyswan339
NZ;silverleopard117
NZ;yellowbutterfly589
NZ;purplegorilla689
NZ;heavygoose362
NZ;beautifulswan517
NZ;whiteswan592
NZ;beautifuldog573
NZ;purplebear919
NZ;orangeostrich953
NZ;brownswan255
NZ;smallwolf672
NZ;goldenbird124
NZ;tinyostrich449
US;blackkoala354
US;organicmouse170
US;yellowmeercat396
US;organicfish904
US;crazybird135
US;yellowpeacock105
US;smalldog788
US;smalldog613
US;blackduck206
US;purplecat569
US;ticklishleopard551
US;lazypanda631
US;heavycat508
US;bigleopard508
US;heavygorilla132
US;crazybear499
US;whitefish176
US;silverleopard992
US;beautifulsnake179
US;blackostrich234
US;bluewolf909
US;beautifulbear872
US;ticklishtiger412
US;yellowgorilla239
US;whitebear355
US;greengorilla165
US;bigduck370
US;smalltiger145
US;yellowswan443
US;redladybug255
US;blackfish229
US;beautifulfish897
US;organicpeacock172
US;blackpeacock722
US;crazyfish121
US;organicladybug589
US;tinyleopard683
US;ticklishdog806
US;purplefish205
US;tinyfish535
US;yellowlion826
US;orangebird452
US;lazymeercat884
US;purplerabbit607
US;greenladybug417
US;blackfrog411
US;bigduck371
US;crazybird343
US;beautifulbutterfly652
US;bluedog133
US;heavycat955
US;organicgoose366
US;tinyswan321
US;whitemeercat228
US;bluekoala870
US;lazybird419
US;ticklishlion936
US;silverostrich987
US;beautifulwolf992
US;whiteostrich635
US;heavyfish275
US;bigcat174
US;tinybutterfly130
US;redpanda852
US;beautifulfrog197
US;purpleostrich207
US;blackgorilla797
US;bluemouse374
US;heavyladybug263
US;blackelephant112
US;redfrog603
US;silvermeercat593
US;browngoose127
US;lazyleopard661
US;brownfrog717
US;goldenduck654
US;organicbear803
US;brownbutterfly326
US;organicmeercat617
US;redelephant129
US;beautifulladybug906
US;purplebird514
US;lazyrabbit179
US;ticklishbutterfly192
US;tinyswan935
US;bluegoose749
US;silvercat966
US;greendog894
US;beautifulostrich557
US;blackelephant921
US;beautifultiger451
US;smallpanda224
US;lazyfrog334
US;silverladybug642
US;lazypanda402
US;crazygorilla625
US;ticklishduck349
US;goldengorilla438
US;whitetiger285
US;tinycat228
US;bluelion735
US;beautifulbear604
US;goldenpanda841
US;crazytiger416
US;ticklishsnake307
US;redtiger500
US;organicduck119
US;bluesnake318
US;goldenbutterfly217
US;tinydog152
US;lazycat893
US;organicswan965
US;brownlion899
US;goldenpeacock329
US;beautifulswan805
US;crazytiger439
US;crazyswan145
US;smallladybug741
US;organictiger244
US;blackladybug462
US;orangeduck653
US;purplepeacock326
US;bigelephant422
US;whitetiger100
US;ticklishbutterfly267
US;bluemeercat433
US;brownladybug750
US;bigtiger330
US;smallcat424
US;organicduck140
US;purplefish773
US;smallmouse849
US;organicswan240
US;tinybear212
US;purplemouse972
US;tinyostrich258
US;bigfish550
US;lazygorilla710
US;goldengoose998
US;bigbird709
US;lazyswan570
US;yellowdog443
US;heavygoose165
US;blackpeacock490
US;smallsnake525
US;purplebird686
US;smallduck265
US;bigduck801
US;brownbird243
US;smallostrich500
US;lazyrabbit616
US;silverduck335
US;orangegorilla738
US;redfish580
US;bluebird845
US;yellowgoose506
US;smallsnake429
US;browngorilla366
US;tinybird204
US;blacktiger189
US;browngoose617
US;redelephant427
US;heavysnake546
US;silverkoala568
US;whitemouse857
US;blackostrich930
US;purplegoose263
US;organicbutterfly606
US;tinybear545
US;yellowmeercat448
US;silverostrich984
US;ticklishkoala703
US;brownmouse408
US;goldenduck509
US;blackbird629
US;bigfrog455
US;yellowcat662
US;heavybear470
US;orangebird397
US;bigostrich621
US;heavygorilla568
US;yellowpeacock287
US;ticklishpeacock623
US;blackelephant134
US;smallgoose652
US;tinyrabbit971
US;yellowpeacock710
US;whitemouse858
US;beautifulladybug645
US;silvermouse412
US;tinyladybug733
US;heavyswan262
US;beautifultiger927
US;redbutterfly322
US;yellowmeercat444
US;lazypeacock376
US;bigleopard595
US;heavydog569
US;crazytiger587
US;blackpeacock663
